{"stats":{"minecraft:picked_up":{"minecraft:crafting_table":4,"minecraft:leather":1,"minecraft:brown_wool":1,"minecraft:brown_mushroom":11,"minecraft:red_mushroom":19,"minecraft:oak_stairs":4,"minecraft:oak_log":94,"iceandfire:frozen_grass":1,"minecraft:dirt":56,"minecraft:string":4,"minecraft:wheat_seeds":10,"minecraft:beef":2,"minecraft:poppy":6,"luminousworld:decorative_red_1":1,"minecraft:oak_planks":69,"minecraft:furnace":1,"minecraft:raw_iron":5,"ecologics:coconut_slice":1,"minecraft:torch":1,"minecraft:dandelion":1,"minecraft:porkchop":4,"luminousworld:sunset_petunias":3,"sophisticatedbackpacks:backpack":1,"minecraft:diorite":1,"minecraft:white_bed":5,"luminousworld:grassflowers":3,"luminousworld:decorative_brown_mushroom_1":1,"minecraft:stone_sword":1,"minecraft:arrow":1,"minecraft:rotten_flesh":6,"born_in_chaos_v1:fire_dust":2,"luminousworld:yellow_grassflowers":1,"luminousworld:decorative_red_2":2,"iceandfire:silver_nugget":360,"minecraft:mutton":4,"minecraft:coal":39,"minecraft:white_wool":1,"minecraft:cobblestone":42},"minecraft:killed_by":{"iceandfire:ghost":1},"minecraft:mined":{"minecraft:brown_mushroom":14,"minecraft:white_bed":5,"luminousworld:grassvariant_4":3,"minecraft:dandelion":2,"minecraft:crafting_table":4,"minecraft:grass_block":38,"minecraft:poppy":6,"minecraft:mushroom_stem":6,"luminousworld:grassvariant_2":13,"luminousworld:grassflowers":3,"luminousworld:decorative_brown_mushroom_1":1,"minecraft:tall_grass":6,"minecraft:cobblestone":3,"minecraft:oak_planks":69,"luminousworld:decorative_red_2":1,"minecraft:diorite":1,"luminousworld:sunset_petunias":3,"minecraft:furnace":1,"luminousworld:yellow_grassflowers":1,"minecraft:iron_ore":5,"minecraft:fire":3,"iceandfire:silver_pile":21,"minecraft:oak_stairs":4,"minecraft:grass":69,"minecraft:oak_log":94,"minecraft:coal_ore":39,"minecraft:vine":1,"minecraft:dirt":23,"luminousworld:grassvariant_3":10,"minecraft:cobweb":4,"minecraft:red_mushroom_block":42,"minecraft:stone":39,"luminousworld:savannah_grass_4":1,"minecraft:oak_leaves":7,"minecraft:fern":1},"minecraft:dropped":{"minecraft:wheat_seeds":1,"minecraft:stone_sword":1,"minecraft:cobblestone":1,"minecraft:dirt":5,"minecraft:brown_wool":1,"ecologics:coconut_husk":1,"minecraft:white_wool":1},"minecraft:crafted":{"minecraft:cooked_beef":2,"minecraft:oak_door":3,"minecraft:oak_planks":376,"minecraft:stone_shovel":1,"iceandfire:silver_ingot":40,"minecraft:cooked_porkchop":3,"minecraft:crafting_table":1,"minecraft:wooden_pickaxe":1,"minecraft:iron_sword":1,"minecraft:bowl":4,"minecraft:furnace":1,"minecraft:mushroom_stew":11,"minecraft:stone_axe":2,"minecraft:cooked_mutton":4,"minecraft:air":0,"iceandfire:armor_silver_metal_helmet":1,"iceandfire:armor_silver_metal_leggings":1,"minecraft:iron_ingot":5,"minecraft:stick":24,"quark:oak_chest":2,"minecraft:oak_stairs":12,"minecraft:stone_pickaxe":1,"minecraft:wooden_axe":1,"minecraft:stone_sword":1,"iceandfire:armor_silver_metal_boots":1},"minecraft:killed":{"minecraft:pig":2,"undead_revamp2:the_moonflower":2,"minecraft:sheep":2,"minecraft:skeleton":1,"iceandfire:ghost":2,"luminousworld:dark_oak_zombie":1,"born_in_chaos_v1:firelight_not_despawn":2,"minecraft:cow":1},"minecraft:broken":{"minecraft:stone_axe":1},"minecraft:used":{"minecraft:cooked_mutton":4,"minecraft:diorite":1,"minecraft:stone_sword":95,"minecraft:stone_shovel":26,"minecraft:stone_pickaxe":41,"minecraft:poppy":6,"minecraft:oak_planks":300,"minecraft:wooden_pickaxe":5,"luminousworld:yellow_grassflowers":1,"minecraft:oak_door":1,"minecraft:dirt":7,"luminousworld:grassflowers":3,"luminousworld:decorative_red_1":1,"minecraft:crafting_table":5,"minecraft:mushroom_stew":8,"iceandfire:frozen_grass":1,"minecraft:white_bed":5,"minecraft:wooden_axe":28,"minecraft:oak_stairs":13,"luminousworld:decorative_red_2":2,"minecraft:iron_pickaxe":44,"luminousworld:sunset_petunias":3,"ecologics:coconut_slice":1,"minecraft:stone_axe":159,"minecraft:cooked_porkchop":2,"minecraft:furnace":2,"quark:oak_chest":2,"alexsmobs:animal_dictionary":2,"minecraft:dandelion":1,"luminousworld:decorative_brown_mushroom_1":1},"minecraft:custom":{"minecraft:interact_with_smithing_table":2,"lootr:looted_stat":10,"minecraft:interact_with_furnace":27,"minecraft:interact_with_anvil":1,"minecraft:mob_kills":13,"minecraft:interact_with_crafting_table":27,"minecraft:bell_ring":9,"minecraft:damage_dealt_resisted":16,"minecraft:leave_game":2,"minecraft:time_since_death":51031,"minecraft:sleep_in_bed":7,"minecraft:climb_one_cm":4187,"minecraft:time_since_rest":5205,"minecraft:sprint_one_cm":317357,"minecraft:damage_taken":1150,"minecraft:walk_one_cm":262654,"minecraft:trigger_trapped_chest":2,"minecraft:drop":8,"minecraft:damage_dealt":2573,"minecraft:swim_one_cm":18627,"minecraft:talked_to_villager":12,"minecraft:fly_one_cm":267312,"minecraft:open_chest":15,"minecraft:play_time":116143,"minecraft:crouch_one_cm":2219,"tombstone:undead_killed":6,"minecraft:deaths":2,"minecraft:sneak_time":823,"minecraft:walk_under_water_one_cm":2632,"minecraft:jump":1322,"minecraft:walk_on_water_one_cm":6457,"minecraft:interact_with_smoker":1,"minecraft:total_world_time":116143,"minecraft:inspect_dispenser":1,"minecraft:fall_one_cm":22462}},"DataVersion":3465}