{"stats":{"minecraft:killed":{"minecraft:sheep":2,"iceandfire:ghost":2,"luminousworld:dark_oak_zombie":1},"minecraft:used":{"minecraft:cooked_mutton":4,"minecraft:diorite":1,"minecraft:stone_sword":37,"minecraft:stone_pickaxe":41,"minecraft:wooden_pickaxe":5,"luminousworld:decorative_red_1":1,"minecraft:crafting_table":4,"minecraft:mushroom_stew":1,"minecraft:white_bed":1,"minecraft:wooden_axe":28,"luminousworld:decorative_red_2":2,"minecraft:stone_axe":72,"ecologics:coconut_slice":1,"minecraft:furnace":1,"alexsmobs:animal_dictionary":2,"minecraft:dandelion":1,"luminousworld:decorative_brown_mushroom_1":1},"minecraft:dropped":{"minecraft:wheat_seeds":1,"minecraft:cobblestone":1,"minecraft:dirt":5,"minecraft:brown_wool":1,"ecologics:coconut_husk":1,"minecraft:white_wool":1},"minecraft:crafted":{"minecraft:oak_planks":116,"minecraft:crafting_table":1,"minecraft:wooden_pickaxe":1,"minecraft:bowl":4,"minecraft:furnace":1,"minecraft:mushroom_stew":4,"minecraft:stone_axe":1,"minecraft:cooked_mutton":4,"minecraft:air":0,"minecraft:stick":12,"minecraft:stone_pickaxe":1,"minecraft:wooden_axe":1,"minecraft:stone_sword":1},"minecraft:killed_by":{"iceandfire:ghost":1},"minecraft:mined":{"minecraft:brown_mushroom":14,"minecraft:white_bed":2,"minecraft:dandelion":1,"minecraft:crafting_table":4,"minecraft:grass_block":5,"luminousworld:grassvariant_2":2,"luminousworld:decorative_brown_mushroom_1":1,"minecraft:tall_grass":2,"luminousworld:decorative_red_2":1,"minecraft:diorite":1,"minecraft:furnace":1,"minecraft:iron_ore":2,"minecraft:grass":7,"minecraft:oak_log":59,"minecraft:coal_ore":24,"minecraft:vine":1,"minecraft:dirt":6,"luminousworld:grassvariant_3":1,"minecraft:cobweb":4,"minecraft:red_mushroom_block":42,"minecraft:stone":17,"minecraft:fern":1},"minecraft:custom":{"lootr:looted_stat":2,"minecraft:interact_with_furnace":15,"minecraft:mob_kills":5,"minecraft:interact_with_crafting_table":11,"minecraft:bell_ring":9,"minecraft:leave_game":1,"minecraft:time_since_death":19188,"minecraft:sleep_in_bed":2,"minecraft:climb_one_cm":231,"minecraft:time_since_rest":13898,"minecraft:sprint_one_cm":139236,"minecraft:damage_taken":385,"minecraft:walk_one_cm":84370,"minecraft:trigger_trapped_chest":2,"minecraft:drop":7,"minecraft:damage_dealt":1024,"minecraft:swim_one_cm":11165,"minecraft:talked_to_villager":12,"minecraft:fly_one_cm":104206,"minecraft:crouch_one_cm":354,"minecraft:play_time":40432,"tombstone:undead_killed":3,"minecraft:deaths":1,"minecraft:sneak_time":151,"minecraft:walk_under_water_one_cm":2186,"minecraft:jump":509,"minecraft:walk_on_water_one_cm":4360,"minecraft:total_world_time":40432,"minecraft:interact_with_smoker":1,"minecraft:fall_one_cm":6930,"minecraft:inspect_dispenser":1},"minecraft:picked_up":{"minecraft:crafting_table":4,"minecraft:brown_wool":1,"minecraft:brown_mushroom":11,"minecraft:red_mushroom":19,"minecraft:oak_log":59,"minecraft:dirt":11,"minecraft:string":4,"minecraft:wheat_seeds":1,"luminousworld:decorative_red_1":1,"minecraft:furnace":1,"minecraft:raw_iron":2,"ecologics:coconut_slice":1,"minecraft:dandelion":1,"minecraft:diorite":1,"minecraft:white_bed":2,"luminousworld:decorative_brown_mushroom_1":1,"luminousworld:decorative_red_2":2,"minecraft:mutton":4,"minecraft:coal":24,"minecraft:white_wool":1,"minecraft:cobblestone":17}},"DataVersion":3465}