{"stats":{"minecraft:picked_up":{"minecraft:crafting_table":4,"minecraft:leather":1,"minecraft:brown_wool":1,"minecraft:brown_mushroom":11,"minecraft:red_mushroom":19,"minecraft:oak_log":94,"minecraft:dirt":23,"minecraft:string":4,"minecraft:wheat_seeds":10,"minecraft:beef":2,"minecraft:poppy":6,"luminousworld:decorative_red_1":1,"minecraft:oak_planks":25,"minecraft:furnace":1,"minecraft:raw_iron":2,"ecologics:coconut_slice":1,"minecraft:dandelion":1,"luminousworld:sunset_petunias":3,"sophisticatedbackpacks:backpack":1,"minecraft:diorite":1,"minecraft:white_bed":5,"luminousworld:grassflowers":3,"luminousworld:decorative_brown_mushroom_1":1,"minecraft:stone_sword":1,"minecraft:arrow":1,"minecraft:rotten_flesh":6,"born_in_chaos_v1:fire_dust":2,"luminousworld:yellow_grassflowers":1,"luminousworld:decorative_red_2":2,"minecraft:mutton":4,"minecraft:coal":24,"minecraft:white_wool":1,"minecraft:cobblestone":17},"minecraft:killed_by":{"iceandfire:ghost":1},"minecraft:mined":{"minecraft:brown_mushroom":14,"minecraft:white_bed":5,"luminousworld:grassvariant_4":3,"minecraft:dandelion":2,"minecraft:crafting_table":4,"minecraft:grass_block":10,"minecraft:poppy":6,"minecraft:mushroom_stem":6,"luminousworld:grassvariant_2":13,"luminousworld:grassflowers":3,"luminousworld:decorative_brown_mushroom_1":1,"minecraft:tall_grass":4,"minecraft:oak_planks":25,"luminousworld:decorative_red_2":1,"minecraft:diorite":1,"luminousworld:sunset_petunias":3,"minecraft:furnace":1,"luminousworld:yellow_grassflowers":1,"minecraft:iron_ore":2,"minecraft:fire":3,"minecraft:grass":69,"minecraft:oak_log":94,"minecraft:coal_ore":24,"minecraft:vine":1,"minecraft:dirt":13,"luminousworld:grassvariant_3":9,"minecraft:cobweb":4,"minecraft:red_mushroom_block":42,"minecraft:stone":17,"luminousworld:savannah_grass_4":1,"minecraft:oak_leaves":7,"minecraft:fern":1},"minecraft:dropped":{"minecraft:wheat_seeds":1,"minecraft:stone_sword":1,"minecraft:cobblestone":1,"minecraft:dirt":5,"minecraft:brown_wool":1,"ecologics:coconut_husk":1,"minecraft:white_wool":1},"minecraft:crafted":{"minecraft:oak_planks":376,"minecraft:crafting_table":1,"minecraft:wooden_pickaxe":1,"minecraft:bowl":4,"minecraft:furnace":1,"minecraft:mushroom_stew":8,"minecraft:stone_axe":1,"minecraft:cooked_mutton":4,"minecraft:air":0,"minecraft:stick":12,"minecraft:stone_pickaxe":1,"minecraft:wooden_axe":1,"minecraft:stone_sword":1},"minecraft:killed":{"undead_revamp2:the_moonflower":2,"minecraft:sheep":2,"minecraft:skeleton":1,"iceandfire:ghost":2,"luminousworld:dark_oak_zombie":1,"born_in_chaos_v1:firelight_not_despawn":2,"minecraft:cow":1},"minecraft:broken":{"minecraft:stone_axe":1},"minecraft:used":{"minecraft:cooked_mutton":4,"minecraft:diorite":1,"minecraft:stone_sword":74,"minecraft:stone_pickaxe":41,"minecraft:poppy":6,"minecraft:oak_planks":242,"minecraft:wooden_pickaxe":5,"luminousworld:yellow_grassflowers":1,"minecraft:dirt":7,"luminousworld:grassflowers":3,"luminousworld:decorative_red_1":1,"minecraft:crafting_table":5,"minecraft:mushroom_stew":5,"minecraft:white_bed":5,"minecraft:wooden_axe":28,"luminousworld:decorative_red_2":2,"luminousworld:sunset_petunias":3,"ecologics:coconut_slice":1,"minecraft:stone_axe":135,"minecraft:furnace":2,"alexsmobs:animal_dictionary":2,"minecraft:dandelion":1,"luminousworld:decorative_brown_mushroom_1":1},"minecraft:custom":{"minecraft:interact_with_smithing_table":2,"lootr:looted_stat":3,"minecraft:interact_with_furnace":16,"minecraft:interact_with_anvil":1,"minecraft:mob_kills":11,"minecraft:interact_with_crafting_table":12,"minecraft:bell_ring":9,"minecraft:leave_game":2,"minecraft:time_since_death":27031,"minecraft:sleep_in_bed":5,"minecraft:climb_one_cm":4187,"minecraft:time_since_rest":10651,"minecraft:sprint_one_cm":255716,"minecraft:damage_taken":915,"minecraft:walk_one_cm":182687,"minecraft:trigger_trapped_chest":2,"minecraft:drop":8,"minecraft:damage_dealt":2003,"minecraft:swim_one_cm":18627,"minecraft:talked_to_villager":12,"minecraft:fly_one_cm":216718,"minecraft:open_chest":1,"minecraft:play_time":92143,"minecraft:crouch_one_cm":1601,"tombstone:undead_killed":6,"minecraft:deaths":2,"minecraft:sneak_time":638,"minecraft:walk_under_water_one_cm":2632,"minecraft:jump":1013,"minecraft:walk_on_water_one_cm":6457,"minecraft:interact_with_smoker":1,"minecraft:total_world_time":92143,"minecraft:inspect_dispenser":1,"minecraft:fall_one_cm":17065}},"DataVersion":3465}