{"stats":{"minecraft:killed":{"iceandfire:ghost":2},"minecraft:used":{"minecraft:wooden_axe":28,"minecraft:stone_sword":17,"minecraft:stone_pickaxe":5,"minecraft:wooden_pickaxe":5,"minecraft:stone_axe":32,"ecologics:coconut_slice":1,"minecraft:crafting_table":2,"alexsmobs:animal_dictionary":2,"minecraft:dandelion":1},"minecraft:crafted":{"minecraft:oak_planks":116,"minecraft:crafting_table":1,"minecraft:stick":12,"minecraft:wooden_pickaxe":1,"minecraft:stone_pickaxe":1,"minecraft:wooden_axe":1,"minecraft:stone_sword":1,"minecraft:stone_axe":1},"minecraft:dropped":{"minecraft:dirt":5,"minecraft:wheat_seeds":1,"ecologics:coconut_husk":1,"minecraft:cobblestone":1},"minecraft:killed_by":{"iceandfire:ghost":1},"minecraft:mined":{"minecraft:white_bed":1,"minecraft:dandelion":1,"minecraft:crafting_table":2,"minecraft:grass":5,"minecraft:grass_block":2,"minecraft:oak_log":59,"minecraft:vine":1,"minecraft:dirt":3,"luminousworld:grassvariant_2":1,"minecraft:tall_grass":1,"minecraft:stone":9},"minecraft:picked_up":{"minecraft:crafting_table":2,"ecologics:coconut_slice":1,"minecraft:dandelion":1,"minecraft:oak_log":59,"minecraft:white_bed":1,"minecraft:dirt":5,"minecraft:wheat_seeds":1,"minecraft:cobblestone":9},"minecraft:custom":{"minecraft:time_since_rest":963,"minecraft:interact_with_furnace":2,"lootr:looted_stat":2,"minecraft:sprint_one_cm":43544,"minecraft:damage_taken":365,"minecraft:walk_one_cm":41039,"minecraft:trigger_trapped_chest":2,"minecraft:mob_kills":2,"minecraft:drop":5,"minecraft:damage_dealt":615,"minecraft:talked_to_villager":12,"minecraft:swim_one_cm":7705,"minecraft:interact_with_crafting_table":4,"minecraft:fly_one_cm":40667,"minecraft:play_time":22432,"tombstone:undead_killed":2,"minecraft:deaths":1,"minecraft:sneak_time":18,"minecraft:bell_ring":9,"minecraft:walk_under_water_one_cm":882,"minecraft:jump":187,"minecraft:leave_game":1,"minecraft:time_since_death":1188,"minecraft:walk_on_water_one_cm":2110,"minecraft:sleep_in_bed":1,"minecraft:climb_one_cm":47,"minecraft:interact_with_smoker":1,"minecraft:total_world_time":22432,"minecraft:fall_one_cm":2299,"minecraft:inspect_dispenser":1}},"DataVersion":3465}