{"stats":{"minecraft:custom":{"minecraft:jump":28,"minecraft:time_since_rest":1436,"minecraft:leave_game":1,"lootr:looted_stat":1,"minecraft:sprint_one_cm":7027,"minecraft:play_time":1436,"minecraft:walk_on_water_one_cm":1209,"minecraft:time_since_death":1436,"minecraft:walk_one_cm":6166,"minecraft:total_world_time":1436,"minecraft:walk_under_water_one_cm":312,"minecraft:swim_one_cm":2952,"minecraft:talked_to_villager":6,"minecraft:fall_one_cm":836,"minecraft:fly_one_cm":7338}},"DataVersion":3465}