{"stats":{"minecraft:killed":{"undead_revamp2:the_moonflower":2,"minecraft:sheep":2,"minecraft:skeleton":1,"iceandfire:ghost":2,"luminousworld:dark_oak_zombie":1},"minecraft:used":{"minecraft:cooked_mutton":4,"minecraft:diorite":1,"minecraft:stone_sword":53,"minecraft:stone_pickaxe":41,"minecraft:oak_planks":20,"minecraft:wooden_pickaxe":5,"minecraft:dirt":4,"luminousworld:decorative_red_1":1,"minecraft:crafting_table":4,"minecraft:mushroom_stew":2,"minecraft:white_bed":2,"minecraft:wooden_axe":28,"luminousworld:decorative_red_2":2,"minecraft:stone_axe":99,"ecologics:coconut_slice":1,"minecraft:furnace":1,"alexsmobs:animal_dictionary":2,"minecraft:dandelion":1,"luminousworld:decorative_brown_mushroom_1":1},"minecraft:dropped":{"minecraft:wheat_seeds":1,"minecraft:cobblestone":1,"minecraft:dirt":5,"minecraft:brown_wool":1,"ecologics:coconut_husk":1,"minecraft:white_wool":1},"minecraft:crafted":{"minecraft:oak_planks":116,"minecraft:crafting_table":1,"minecraft:wooden_pickaxe":1,"minecraft:bowl":4,"minecraft:furnace":1,"minecraft:mushroom_stew":4,"minecraft:stone_axe":1,"minecraft:cooked_mutton":4,"minecraft:air":0,"minecraft:stick":12,"minecraft:stone_pickaxe":1,"minecraft:wooden_axe":1,"minecraft:stone_sword":1},"minecraft:killed_by":{"iceandfire:ghost":1},"minecraft:mined":{"minecraft:brown_mushroom":14,"minecraft:white_bed":3,"luminousworld:grassvariant_4":3,"minecraft:dandelion":1,"minecraft:crafting_table":4,"minecraft:grass_block":8,"minecraft:mushroom_stem":6,"luminousworld:grassvariant_2":3,"luminousworld:decorative_brown_mushroom_1":1,"minecraft:tall_grass":2,"minecraft:oak_planks":20,"luminousworld:decorative_red_2":1,"minecraft:diorite":1,"minecraft:furnace":1,"minecraft:iron_ore":2,"minecraft:grass":7,"minecraft:oak_log":59,"minecraft:coal_ore":24,"minecraft:vine":1,"minecraft:dirt":13,"luminousworld:grassvariant_3":2,"minecraft:cobweb":4,"minecraft:red_mushroom_block":42,"minecraft:stone":17,"minecraft:oak_leaves":5,"minecraft:fern":1},"minecraft:custom":{"lootr:looted_stat":2,"minecraft:interact_with_furnace":15,"minecraft:mob_kills":8,"minecraft:interact_with_crafting_table":11,"minecraft:bell_ring":9,"minecraft:leave_game":1,"minecraft:time_since_death":31993,"minecraft:sleep_in_bed":3,"minecraft:climb_one_cm":231,"minecraft:time_since_rest":6570,"minecraft:sprint_one_cm":169668,"minecraft:damage_taken":565,"minecraft:walk_one_cm":109929,"minecraft:trigger_trapped_chest":2,"minecraft:drop":7,"minecraft:damage_dealt":1597,"minecraft:swim_one_cm":15391,"minecraft:talked_to_villager":12,"minecraft:fly_one_cm":138170,"minecraft:crouch_one_cm":817,"minecraft:play_time":53237,"tombstone:undead_killed":6,"minecraft:deaths":1,"minecraft:sneak_time":274,"minecraft:walk_under_water_one_cm":2548,"minecraft:jump":675,"minecraft:walk_on_water_one_cm":5932,"minecraft:total_world_time":53237,"minecraft:interact_with_smoker":1,"minecraft:fall_one_cm":11025,"minecraft:inspect_dispenser":1},"minecraft:picked_up":{"minecraft:crafting_table":4,"minecraft:brown_wool":1,"minecraft:brown_mushroom":11,"minecraft:red_mushroom":19,"minecraft:oak_log":59,"minecraft:dirt":21,"minecraft:string":4,"minecraft:wheat_seeds":1,"luminousworld:decorative_red_1":1,"minecraft:oak_planks":20,"minecraft:furnace":1,"minecraft:raw_iron":2,"ecologics:coconut_slice":1,"minecraft:dandelion":1,"sophisticatedbackpacks:backpack":1,"minecraft:diorite":1,"minecraft:white_bed":3,"luminousworld:decorative_brown_mushroom_1":1,"minecraft:arrow":1,"minecraft:rotten_flesh":6,"luminousworld:decorative_red_2":2,"minecraft:mutton":4,"minecraft:coal":24,"minecraft:white_wool":1,"minecraft:cobblestone":17}},"DataVersion":3465}