{"stats":{"minecraft:picked_up":{"minecraft:crafting_table":4,"minecraft:brown_wool":1,"minecraft:brown_mushroom":11,"minecraft:red_mushroom":19,"minecraft:oak_log":59,"minecraft:string":4,"minecraft:dirt":22,"minecraft:wheat_seeds":1,"luminousworld:decorative_red_1":1,"minecraft:oak_planks":20,"minecraft:furnace":1,"minecraft:raw_iron":2,"ecologics:coconut_slice":1,"minecraft:dandelion":1,"sophisticatedbackpacks:backpack":1,"minecraft:diorite":1,"minecraft:white_bed":3,"minecraft:stone_sword":1,"luminousworld:decorative_brown_mushroom_1":1,"minecraft:arrow":1,"minecraft:rotten_flesh":6,"luminousworld:decorative_red_2":2,"minecraft:mutton":4,"minecraft:coal":24,"minecraft:white_wool":1,"minecraft:cobblestone":17},"minecraft:killed_by":{"iceandfire:ghost":1},"minecraft:mined":{"minecraft:brown_mushroom":14,"minecraft:white_bed":3,"luminousworld:grassvariant_4":3,"minecraft:dandelion":1,"minecraft:crafting_table":4,"minecraft:grass_block":9,"minecraft:mushroom_stem":6,"luminousworld:grassvariant_2":3,"luminousworld:decorative_brown_mushroom_1":1,"minecraft:tall_grass":2,"luminousworld:decorative_red_2":1,"minecraft:oak_planks":20,"minecraft:diorite":1,"minecraft:furnace":1,"minecraft:iron_ore":2,"minecraft:grass":7,"minecraft:oak_log":59,"minecraft:coal_ore":24,"minecraft:vine":1,"minecraft:dirt":13,"luminousworld:grassvariant_3":2,"minecraft:cobweb":4,"minecraft:red_mushroom_block":42,"minecraft:stone":17,"luminousworld:savannah_grass_4":1,"minecraft:oak_leaves":5,"minecraft:fern":1},"minecraft:dropped":{"minecraft:wheat_seeds":1,"minecraft:stone_sword":1,"minecraft:cobblestone":1,"minecraft:dirt":5,"minecraft:brown_wool":1,"ecologics:coconut_husk":1,"minecraft:white_wool":1},"minecraft:crafted":{"minecraft:oak_planks":116,"minecraft:crafting_table":1,"minecraft:wooden_pickaxe":1,"minecraft:bowl":4,"minecraft:furnace":1,"minecraft:mushroom_stew":4,"minecraft:stone_axe":1,"minecraft:cooked_mutton":4,"minecraft:air":0,"minecraft:stick":12,"minecraft:stone_pickaxe":1,"minecraft:wooden_axe":1,"minecraft:stone_sword":1},"minecraft:killed":{"undead_revamp2:the_moonflower":2,"minecraft:sheep":2,"minecraft:skeleton":1,"iceandfire:ghost":2,"luminousworld:dark_oak_zombie":1},"minecraft:used":{"minecraft:cooked_mutton":4,"minecraft:diorite":1,"minecraft:stone_sword":54,"minecraft:stone_pickaxe":41,"minecraft:oak_planks":20,"minecraft:wooden_pickaxe":5,"minecraft:dirt":7,"luminousworld:decorative_red_1":1,"minecraft:crafting_table":4,"minecraft:mushroom_stew":3,"minecraft:white_bed":2,"minecraft:wooden_axe":28,"luminousworld:decorative_red_2":2,"ecologics:coconut_slice":1,"minecraft:stone_axe":99,"minecraft:furnace":1,"alexsmobs:animal_dictionary":2,"minecraft:dandelion":1,"luminousworld:decorative_brown_mushroom_1":1},"minecraft:custom":{"lootr:looted_stat":2,"minecraft:interact_with_furnace":15,"minecraft:mob_kills":8,"minecraft:interact_with_crafting_table":11,"minecraft:bell_ring":9,"minecraft:leave_game":2,"minecraft:time_since_death":1243,"minecraft:sleep_in_bed":3,"minecraft:climb_one_cm":263,"minecraft:time_since_rest":976,"minecraft:sprint_one_cm":202992,"minecraft:damage_taken":725,"minecraft:walk_one_cm":118151,"minecraft:trigger_trapped_chest":2,"minecraft:drop":8,"minecraft:damage_dealt":1597,"minecraft:swim_one_cm":18627,"minecraft:talked_to_villager":12,"minecraft:fly_one_cm":178132,"minecraft:crouch_one_cm":889,"minecraft:play_time":66355,"tombstone:undead_killed":6,"minecraft:deaths":2,"minecraft:sneak_time":333,"minecraft:walk_under_water_one_cm":2632,"minecraft:jump":843,"minecraft:walk_on_water_one_cm":6457,"minecraft:interact_with_smoker":1,"minecraft:total_world_time":66355,"minecraft:inspect_dispenser":1,"minecraft:fall_one_cm":14613}},"DataVersion":3465}