{"stats":{"minecraft:picked_up":{"minecraft:crafting_table":4,"minecraft:brown_mushroom":11,"minecraft:oak_stairs":4,"iceandfire:frozen_grass":1,"minecraft:string":4,"minecraft:beef":2,"minecraft:poppy":7,"luminousworld:decorative_red_1":1,"minecraft:furnace":1,"minecraft:raw_iron":5,"minecraft:oak_door":1,"ecologics:coconut_slice":1,"minecraft:torch":4,"sophisticatedbackpacks:backpack":1,"minecraft:porkchop":4,"minecraft:diorite":1,"luminousworld:decorative_brown_mushroom_1":1,"luminousworld:grassflowers":4,"minecraft:stone_sword":1,"minecraft:arrow":1,"minecraft:rotten_flesh":6,"luminousworld:yellow_grassflowers":1,"minecraft:mutton":4,"cataclysm:stone_pillar":15,"minecraft:white_wool":1,"minecraft:cobblestone":44,"minecraft:brown_wool":1,"minecraft:leather":1,"minecraft:red_mushroom":19,"minecraft:oak_log":94,"minecraft:dirt":102,"minecraft:wheat_seeds":10,"minecraft:oak_planks":69,"minecraft:dandelion":1,"luminousworld:sunset_petunias":3,"minecraft:sand":74,"minecraft:white_bed":5,"born_in_chaos_v1:fire_dust":2,"luminousworld:decorative_red_2":2,"minecraft:emerald":1,"minecraft:coal":39,"iceandfire:silver_nugget":360},"minecraft:killed_by":{"iceandfire:ghost":1},"minecraft:mined":{"minecraft:white_bed":5,"luminousworld:grassvariant_4":3,"cataclysm:stone_pillar":15,"minecraft:grass_block":79,"luminousworld:grassvariant_2":14,"luminousworld:decorative_brown_mushroom_1":1,"luminousworld:decorative_red_2":1,"luminousworld:sunset_petunias":3,"minecraft:furnace":1,"luminousworld:yellow_grassflowers":1,"minecraft:iron_ore":5,"minecraft:fire":3,"minecraft:vine":1,"minecraft:oak_stairs":4,"minecraft:stone":41,"minecraft:brown_mushroom":14,"luminousworld:blueberrybush":1,"minecraft:dandelion":2,"minecraft:crafting_table":4,"minecraft:poppy":7,"minecraft:mushroom_stem":6,"luminousworld:grassflowers":4,"minecraft:tall_grass":6,"minecraft:cobblestone":3,"minecraft:oak_planks":69,"minecraft:diorite":1,"minecraft:coal_ore":39,"minecraft:grass":70,"minecraft:oak_log":94,"iceandfire:silver_pile":21,"minecraft:sand":74,"minecraft:dirt":23,"luminousworld:grassvariant_3":10,"minecraft:cobweb":4,"minecraft:red_mushroom_block":42,"luminousworld:savannah_grass_4":1,"minecraft:oak_leaves":7,"minecraft:fern":1},"minecraft:dropped":{"minecraft:wheat_seeds":1,"minecraft:cobblestone":1,"minecraft:dirt":5,"minecraft:brown_wool":1,"minecraft:white_wool":1,"minecraft:stone_sword":1,"minecraft:poppy":1,"luminousworld:grassflowers":1,"ecologics:coconut_husk":1},"minecraft:crafted":{"minecraft:oak_door":3,"minecraft:oak_planks":376,"minecraft:stone_shovel":1,"minecraft:furnace":1,"minecraft:stone":23,"minecraft:mushroom_stew":11,"minecraft:cooked_mutton":4,"minecraft:glass":15,"iceandfire:armor_silver_metal_leggings":1,"cataclysm:stone_pillar":1,"minecraft:stone_pickaxe":1,"iceandfire:armor_silver_metal_boots":1,"minecraft:cooked_beef":2,"minecraft:cooked_porkchop":4,"iceandfire:silver_ingot":40,"minecraft:crafting_table":1,"minecraft:wooden_pickaxe":1,"minecraft:iron_sword":1,"minecraft:bowl":4,"minecraft:stone_axe":2,"minecraft:air":0,"iceandfire:armor_silver_metal_helmet":1,"minecraft:stick":24,"quark:oak_chest":2,"minecraft:iron_ingot":5,"minecraft:wooden_axe":1,"minecraft:oak_stairs":12,"minecraft:stone_sword":1,"minecraft:stonecutter":1,"minecraft:torch":16},"minecraft:killed":{"minecraft:skeleton":1,"born_in_chaos_v1:firelight_not_despawn":2,"minecraft:pig":2,"undead_revamp2:the_moonflower":2,"minecraft:sheep":2,"minecraft:pillager":1,"iceandfire:ghost":2,"luminousworld:dark_oak_zombie":1,"minecraft:cow":1},"minecraft:broken":{"minecraft:stone_axe":1,"minecraft:stone_shovel":1},"minecraft:used":{"minecraft:stone_sword":95,"minecraft:stone_shovel":131,"minecraft:poppy":6,"minecraft:stone":2,"minecraft:iron_sword":5,"minecraft:oak_door":2,"minecraft:torch":4,"minecraft:dirt":7,"luminousworld:grassflowers":3,"iceandfire:frozen_grass":1,"minecraft:glass":15,"minecraft:wooden_axe":28,"minecraft:oak_stairs":13,"minecraft:furnace":2,"luminousworld:decorative_brown_mushroom_1":1,"minecraft:cooked_mutton":4,"minecraft:diorite":1,"minecraft:oak_planks":368,"minecraft:stone_pickaxe":41,"minecraft:wooden_pickaxe":5,"luminousworld:yellow_grassflowers":1,"minecraft:stonecutter":1,"cataclysm:stone_pillar":31,"minecraft:crafting_table":5,"luminousworld:decorative_red_1":1,"minecraft:mushroom_stew":8,"minecraft:white_bed":5,"luminousworld:decorative_red_2":2,"minecraft:iron_pickaxe":62,"minecraft:stone_axe":159,"ecologics:coconut_slice":1,"luminousworld:sunset_petunias":3,"minecraft:cooked_porkchop":4,"quark:oak_chest":2,"alexsmobs:animal_dictionary":2,"minecraft:dandelion":1},"minecraft:custom":{"minecraft:interact_with_smithing_table":2,"lootr:looted_stat":10,"minecraft:mob_kills":14,"minecraft:interact_with_anvil":1,"minecraft:interact_with_crafting_table":31,"minecraft:bell_ring":9,"minecraft:damage_dealt_resisted":16,"minecraft:leave_game":2,"minecraft:time_since_death":63031,"minecraft:climb_one_cm":4187,"minecraft:sprint_one_cm":352890,"minecraft:walk_one_cm":308554,"minecraft:drop":10,"minecraft:talked_to_villager":12,"minecraft:play_time":128143,"minecraft:deaths":2,"minecraft:sneak_time":997,"minecraft:walk_under_water_one_cm":2632,"minecraft:jump":1457,"minecraft:walk_on_water_one_cm":6457,"minecraft:total_world_time":128143,"minecraft:interact_with_furnace":40,"tombstone:raider_killed":1,"minecraft:interact_with_stonecutter":8,"minecraft:sleep_in_bed":7,"minecraft:time_since_rest":17205,"minecraft:damage_taken":1237,"minecraft:trigger_trapped_chest":2,"minecraft:damage_dealt":2813,"minecraft:swim_one_cm":18627,"minecraft:fly_one_cm":296294,"minecraft:open_chest":22,"minecraft:crouch_one_cm":2691,"tombstone:undead_killed":6,"minecraft:interact_with_smoker":1,"minecraft:fall_one_cm":28168,"minecraft:inspect_dispenser":1}},"DataVersion":3465}