{"stats":{"minecraft:used":{"minecraft:dandelion":1},"minecraft:mined":{"minecraft:grass":2,"minecraft:dandelion":1},"minecraft:picked_up":{"minecraft:dandelion":1},"minecraft:custom":{"minecraft:jump":61,"minecraft:time_since_rest":10432,"minecraft:leave_game":1,"minecraft:play_time":10432,"lootr:looted_stat":1,"minecraft:sprint_one_cm":12491,"minecraft:time_since_death":10432,"minecraft:walk_on_water_one_cm":1369,"minecraft:walk_one_cm":12249,"minecraft:bell_ring":8,"minecraft:total_world_time":10432,"minecraft:walk_under_water_one_cm":824,"minecraft:swim_one_cm":2952,"minecraft:talked_to_villager":11,"minecraft:fall_one_cm":1045,"minecraft:fly_one_cm":13642}},"DataVersion":3465}