{"stats":{"minecraft:killed":{"minecraft:sheep":2,"iceandfire:ghost":2},"minecraft:used":{"minecraft:wooden_axe":28,"minecraft:diorite":1,"minecraft:stone_sword":23,"minecraft:stone_pickaxe":40,"minecraft:wooden_pickaxe":5,"minecraft:stone_axe":32,"ecologics:coconut_slice":1,"minecraft:crafting_table":3,"minecraft:furnace":1,"minecraft:white_bed":1,"alexsmobs:animal_dictionary":2,"minecraft:dandelion":1},"minecraft:crafted":{"minecraft:oak_planks":116,"minecraft:crafting_table":1,"minecraft:stick":12,"minecraft:wooden_pickaxe":1,"minecraft:stone_pickaxe":1,"minecraft:wooden_axe":1,"minecraft:stone_sword":1,"minecraft:furnace":1,"minecraft:stone_axe":1},"minecraft:dropped":{"minecraft:dirt":5,"minecraft:wheat_seeds":1,"minecraft:brown_wool":1,"ecologics:coconut_husk":1,"minecraft:cobblestone":1,"minecraft:white_wool":1},"minecraft:killed_by":{"iceandfire:ghost":1},"minecraft:mined":{"minecraft:white_bed":2,"minecraft:iron_ore":2,"minecraft:dandelion":1,"minecraft:crafting_table":2,"minecraft:grass":7,"minecraft:coal_ore":24,"minecraft:grass_block":5,"minecraft:oak_log":59,"minecraft:vine":1,"minecraft:dirt":6,"luminousworld:grassvariant_2":2,"luminousworld:grassvariant_3":1,"minecraft:cobweb":2,"minecraft:tall_grass":1,"minecraft:stone":17,"minecraft:diorite":1},"minecraft:picked_up":{"minecraft:raw_iron":2,"minecraft:crafting_table":2,"ecologics:coconut_slice":1,"minecraft:brown_wool":1,"minecraft:dandelion":1,"minecraft:oak_log":59,"minecraft:diorite":1,"minecraft:white_bed":2,"minecraft:string":2,"minecraft:dirt":11,"minecraft:wheat_seeds":1,"minecraft:mutton":4,"minecraft:coal":24,"minecraft:white_wool":1,"minecraft:cobblestone":17},"minecraft:custom":{"minecraft:time_since_rest":1898,"minecraft:interact_with_furnace":12,"lootr:looted_stat":2,"minecraft:sprint_one_cm":63307,"minecraft:damage_taken":365,"minecraft:walk_one_cm":53757,"minecraft:trigger_trapped_chest":2,"minecraft:mob_kills":4,"minecraft:drop":7,"minecraft:damage_dealt":775,"minecraft:talked_to_villager":12,"minecraft:swim_one_cm":8738,"minecraft:interact_with_crafting_table":10,"minecraft:fly_one_cm":58105,"minecraft:crouch_one_cm":4,"minecraft:play_time":28432,"tombstone:undead_killed":2,"minecraft:deaths":1,"minecraft:sneak_time":87,"minecraft:bell_ring":9,"minecraft:walk_under_water_one_cm":1017,"minecraft:jump":297,"minecraft:leave_game":1,"minecraft:time_since_death":7188,"minecraft:walk_on_water_one_cm":2854,"minecraft:sleep_in_bed":2,"minecraft:climb_one_cm":47,"minecraft:interact_with_smoker":1,"minecraft:total_world_time":28432,"minecraft:fall_one_cm":3822,"minecraft:inspect_dispenser":1}},"DataVersion":3465}