{"stats":{"minecraft:killed":{"minecraft:pig":1,"born_in_chaos_v1:baby_skeleton":1,"undead_revamp2:the_moonflower":2,"iceandfire:ghost":2,"ecologics:coconut_crab":1},"minecraft:used":{"ecologics:crab_claw":1,"ecologics:coconut_planks":5,"minecraft:dirt":3,"minecraft:crafting_table":3,"minecraft:iron_axe":39,"minecraft:bread":4,"minecraft:iron_pickaxe":21,"ecologics:coconut_slice":2,"minecraft:porkchop":1,"tombstone:gift":1,"minecraft:yellow_bed":2,"ecologics:coconut_seedling":2,"minecraft:dandelion":1,"minecraft:experience_bottle":1},"minecraft:dropped":{"ecologics:crab_claw":1,"iceandfire:podium_spruce":1,"minecraft:wither_rose":1,"minecraft:dandelion":2},"minecraft:crafted":{"ecologics:coconut_planks":12,"minecraft:bread":6,"minecraft:iron_axe":1,"minecraft:stick":4,"minecraft:iron_pickaxe":1,"ecologics:coconut_boat":1,"minecraft:wheat":18},"minecraft:killed_by":{"iceandfire:ghost":1},"minecraft:mined":{"botania:green_mystical_flower":4,"minecraft:kelp_plant":2,"botania:red_mystical_flower":2,"minecraft:crafting_table":4,"minecraft:grass_block":10,"ecologics:coconut_leaves":1,"iceandfire:lectern":1,"luminousworld:grassvariant_2":2,"minecraft:tall_grass":1,"ecologics:coconut_log":16,"minecraft:kelp":2,"botania:black_mystical_flower":3,"minecraft:skeleton_skull":1,"minecraft:hay_block":16,"minecraft:fire":1,"minecraft:beehive":1,"minecraft:yellow_bed":3,"minecraft:wither_rose":1,"minecraft:grass":6,"ecologics:hanging_coconut":2,"minecraft:vine":3,"minecraft:dirt":10,"luminousworld:groundpebbles_2":8,"minecraft:stone":17,"iceandfire:podium_spruce":1,"botania:light_blue_mystical_flower":2,"botania:magenta_double_flower":1,"ecologics:coconut_seedling":1},"minecraft:picked_up":{"luminousworld:groundpebbles_1":9,"minecraft:crafting_table":4,"minecraft:wither_rose":2,"minecraft:yellow_bed":3,"minecraft:dirt":18,"botania:light_blue_mystical_flower":2,"botania:black_mystical_flower":3,"minecraft:item_frame":2,"minecraft:experience_bottle":1,"minecraft:bone":2,"iceandfire:bestiary":1,"minecraft:kelp":3,"minecraft:iron_ingot":7,"ecologics:crab_claw":1,"botania:red_mystical_flower":2,"iceandfire:podium_spruce":1,"ecologics:coconut_slice":8,"minecraft:dandelion":3,"ecologics:coconut_seedling":2,"minecraft:porkchop":1,"minecraft:rotten_flesh":8,"iceandfire:lectern":1,"minecraft:hay_block":15,"ecologics:coconut_log":16,"minecraft:grass":1,"minecraft:gold_ingot":2,"supplementaries:ash":7,"tombstone:magic_scroll":1,"botania:green_mystical_flower":4,"minecraft:skeleton_skull":1,"minecraft:cobblestone":17},"minecraft:custom":{"minecraft:interact_with_smithing_table":1,"lootr:looted_stat":5,"minecraft:mob_kills":7,"minecraft:interact_with_cartography_table":1,"minecraft:interact_with_crafting_table":5,"minecraft:bell_ring":1,"minecraft:time_since_death":223,"minecraft:sleep_in_bed":3,"minecraft:climb_one_cm":15525,"minecraft:time_since_rest":1,"minecraft:sprint_one_cm":83207,"minecraft:damage_taken":615,"minecraft:walk_one_cm":59587,"minecraft:trigger_trapped_chest":2,"minecraft:drop":5,"minecraft:damage_dealt":1115,"minecraft:swim_one_cm":33254,"minecraft:talked_to_villager":9,"minecraft:fly_one_cm":166826,"minecraft:open_chest":1,"minecraft:crouch_one_cm":968,"minecraft:deaths":2,"minecraft:play_time":27140,"tombstone:undead_killed":5,"minecraft:sneak_time":743,"minecraft:walk_under_water_one_cm":2358,"minecraft:interact_with_brewingstand":1,"minecraft:jump":635,"minecraft:walk_on_water_one_cm":4841,"minecraft:total_world_time":27140,"minecraft:fall_one_cm":16969}},"DataVersion":3465}