{"stats":{"minecraft:killed":{"luminousworld:black_squirrel":1,"minecraft:pig":1,"born_in_chaos_v1:baby_skeleton":1,"undead_revamp2:the_moonflower":2,"earthmobsmod:wooly_cow":2,"minecraft:skeleton":2,"iceandfire:ghost":3,"undead_revamp2:thespitter":1,"ecologics:coconut_crab":1},"minecraft:used":{"ecologics:crab_claw":1,"ecologics:coconut_planks":5,"minecraft:dirt":3,"minecraft:crafting_table":4,"luminousworld:blueberry":2,"minecraft:iron_axe":72,"minecraft:bread":7,"minecraft:iron_pickaxe":54,"ecologics:coconut_boat":1,"minecraft:stripped_mangrove_log":1,"ecologics:coconut_slice":2,"minecraft:cobblestone":26,"minecraft:porkchop":1,"tombstone:gift":1,"minecraft:yellow_bed":3,"ecologics:coconut_seedling":2,"minecraft:dandelion":1,"minecraft:experience_bottle":1},"minecraft:crafted":{"ecologics:coconut_planks":12,"minecraft:bread":6,"minecraft:iron_axe":1,"minecraft:stick":4,"minecraft:iron_pickaxe":1,"ecologics:coconut_boat":1,"minecraft:wheat":18},"minecraft:dropped":{"minecraft:sugar_cane":4,"minecraft:rotten_flesh":9,"ecologics:crab_claw":1,"iceandfire:ectoplasm":3,"minecraft:cobweb":6,"supplementaries:ash":7,"iceandfire:podium_spruce":1,"iceandfire:rotten_egg":1,"minecraft:wither_rose":2,"minecraft:bone":9,"minecraft:arrow":3,"minecraft:paper":1,"minecraft:dandelion":2},"minecraft:killed_by":{"iceandfire:ghost":1},"minecraft:mined":{"botania:green_mystical_flower":4,"botania:lime_mystical_flower":1,"botania:orange_mystical_flower":2,"minecraft:stripped_mangrove_log":1,"minecraft:kelp_plant":2,"botania:red_mystical_flower":4,"minecraft:soul_fire":1,"minecraft:stone_brick_slab":1,"luminousworld:mossbuds_1":3,"minecraft:crafting_table":5,"luminousworld:mossbuds_2":1,"minecraft:grass_block":10,"born_in_chaos_v1:black_argillite":2,"botania:brown_double_flower":1,"luminousworld:spuds":1,"ecologics:coconut_leaves":1,"iceandfire:lectern":1,"luminousworld:grassvariant_2":2,"minecraft:tall_grass":1,"minecraft:cobblestone":2,"botania:black_double_flower":1,"botania:blue_mystical_flower":1,"ecologics:coconut_log":16,"minecraft:kelp":2,"botania:light_gray_mystical_flower":4,"botania:black_mystical_flower":12,"minecraft:spawner":1,"minecraft:large_fern":4,"minecraft:skeleton_skull":1,"minecraft:hay_block":16,"minecraft:fire":1,"minecraft:beehive":1,"born_in_chaos_v1:black_argillite_brick_stairs":1,"minecraft:andesite":6,"luminousworld:mossbuds_3":2,"minecraft:cracked_stone_bricks":1,"minecraft:stone_bricks":1,"born_in_chaos_v1:black_argillite_brick":1,"minecraft:yellow_bed":4,"minecraft:wither_rose":1,"minecraft:grass":9,"botania:yellow_mystical_flower":5,"ecologics:hanging_coconut":2,"minecraft:vine":3,"botania:gray_mystical_flower":4,"minecraft:cyan_carpet":1,"minecraft:dirt":11,"botania:brown_mystical_flower":4,"minecraft:player_head":1,"botania:light_blue_double_flower":1,"luminousworld:groundpebbles_2":8,"minecraft:stone":27,"iceandfire:podium_spruce":1,"botania:light_blue_mystical_flower":9,"botania:magenta_double_flower":1,"ecologics:coconut_seedling":1},"minecraft:picked_up":{"luminousworld:groundpebbles_1":9,"minecraft:crafting_table":5,"minecraft:andesite":5,"minecraft:wither_rose":2,"ecologics:coconut_boat":1,"minecraft:yellow_bed":3,"minecraft:stripped_mangrove_log":1,"minecraft:dirt":18,"botania:light_blue_mystical_flower":9,"botania:black_mystical_flower":11,"minecraft:item_frame":2,"minecraft:experience_bottle":1,"minecraft:bone":14,"iceandfire:bestiary":1,"minecraft:kelp":3,"minecraft:iron_ingot":7,"minecraft:player_head":1,"minecraft:sugar_cane":4,"botania:gray_mystical_flower":4,"ecologics:crab_claw":1,"botania:red_mystical_flower":4,"iceandfire:podium_spruce":1,"ecologics:coconut_slice":8,"botania:yellow_mystical_flower":5,"minecraft:dandelion":3,"ecologics:coconut_seedling":2,"minecraft:porkchop":1,"iceandfire:rotten_egg":1,"botania:blue_mystical_flower":1,"botania:orange_mystical_flower":2,"botania:lime_mystical_flower":1,"minecraft:arrow":3,"minecraft:rotten_flesh":18,"botania:light_gray_mystical_flower":4,"iceandfire:lectern":1,"botania:brown_mystical_flower":4,"luminousworld:blueberry":2,"minecraft:hay_block":15,"ecologics:coconut_log":16,"minecraft:grass":1,"minecraft:gold_ingot":2,"supplementaries:ash":7,"tombstone:magic_scroll":1,"botania:green_mystical_flower":4,"minecraft:skeleton_skull":1,"minecraft:cobblestone":26},"minecraft:custom":{"minecraft:interact_with_smithing_table":1,"lootr:looted_stat":6,"minecraft:mob_kills":14,"minecraft:interact_with_cartography_table":1,"minecraft:interact_with_crafting_table":6,"minecraft:bell_ring":1,"minecraft:eat_cake_slice":8,"minecraft:leave_game":1,"minecraft:time_since_death":19238,"minecraft:sleep_in_bed":5,"minecraft:climb_one_cm":17109,"minecraft:time_since_rest":780,"minecraft:sprint_one_cm":141108,"minecraft:damage_taken":1096,"minecraft:walk_one_cm":96985,"minecraft:trigger_trapped_chest":3,"minecraft:drop":15,"minecraft:damage_dealt":2351,"minecraft:swim_one_cm":47885,"minecraft:talked_to_villager":9,"minecraft:fly_one_cm":292059,"minecraft:boat_one_cm":197966,"minecraft:open_chest":1,"minecraft:crouch_one_cm":1906,"minecraft:deaths":2,"minecraft:play_time":46155,"tombstone:undead_killed":9,"minecraft:sneak_time":1121,"minecraft:walk_under_water_one_cm":4251,"minecraft:interact_with_brewingstand":1,"minecraft:jump":1134,"minecraft:interact_with_blast_furnace":2,"minecraft:walk_on_water_one_cm":9517,"minecraft:total_world_time":46155,"minecraft:fall_one_cm":28735}},"DataVersion":3465}