{"stats":{"minecraft:picked_up":{"luminousworld:groundpebbles_1":9,"minecraft:crafting_table":6,"minecraft:wither_rose":2,"ecologics:coconut_boat":2,"minecraft:stripped_mangrove_log":1,"minecraft:item_frame":2,"minecraft:experience_bottle":1,"iceandfire:bestiary":1,"minecraft:player_head":1,"minecraft:sugar_cane":4,"ecologics:crab_claw":1,"ecologics:coconut_slice":8,"botania:yellow_mystical_flower":5,"ecologics:coconut_seedling":2,"minecraft:porkchop":1,"iceandfire:rotten_egg":1,"minecraft:arrow":3,"minecraft:rotten_flesh":18,"botania:lime_mystical_flower":1,"botania:light_gray_mystical_flower":4,"ecologics:coconut_log":16,"minecraft:hay_block":15,"botania:blue_mystical_flower":1,"supplementaries:ash":7,"minecraft:gold_ingot":2,"botania:green_mystical_flower":4,"minecraft:skeleton_skull":1,"minecraft:cobblestone":28,"minecraft:andesite":5,"minecraft:yellow_bed":3,"minecraft:dirt":20,"botania:black_mystical_flower":11,"botania:light_blue_mystical_flower":9,"minecraft:bone":14,"botania:cyan_mystical_flower":3,"minecraft:kelp":3,"minecraft:iron_ingot":7,"botania:gray_mystical_flower":4,"botania:red_mystical_flower":4,"iceandfire:podium_spruce":1,"minecraft:dandelion":3,"iceandfire:lectern":1,"luminousworld:blueberry":2,"botania:orange_mystical_flower":2,"minecraft:grass":1,"tombstone:magic_scroll":1,"minecraft:coal":2,"botania:brown_mystical_flower":4},"minecraft:killed_by":{"iceandfire:ghost":1},"minecraft:mined":{"minecraft:stripped_mangrove_log":1,"botania:red_mystical_flower":4,"luminousworld:mossbuds_1":3,"luminousworld:mossbuds_2":1,"minecraft:grass_block":12,"born_in_chaos_v1:black_argillite":2,"ecologics:coconut_leaves":1,"botania:brown_double_flower":1,"botania:cyan_double_flower":1,"iceandfire:lectern":1,"luminousworld:grassvariant_2":2,"botania:black_double_flower":1,"ecologics:coconut_log":16,"minecraft:spruce_leaves":2,"minecraft:kelp":2,"botania:light_gray_mystical_flower":4,"minecraft:spawner":1,"minecraft:large_fern":5,"minecraft:hay_block":16,"minecraft:fire":1,"born_in_chaos_v1:black_argillite_brick_stairs":1,"minecraft:andesite":6,"luminousworld:mossbuds_3":4,"minecraft:vine":3,"luminousworld:groundpebbles_2":8,"botania:brown_mystical_flower":4,"botania:light_blue_double_flower":1,"minecraft:stone":29,"luminousworld:decorative_brown_2":1,"iceandfire:podium_spruce":1,"botania:light_blue_mystical_flower":9,"minecraft:player_head":1,"botania:green_mystical_flower":4,"botania:lime_mystical_flower":1,"botania:orange_mystical_flower":2,"minecraft:kelp_plant":2,"minecraft:soul_fire":1,"minecraft:stone_brick_slab":1,"minecraft:crafting_table":6,"luminousworld:spuds":1,"minecraft:tall_grass":1,"minecraft:cobblestone":2,"botania:blue_mystical_flower":1,"botania:black_mystical_flower":12,"minecraft:skeleton_skull":1,"botania:cyan_mystical_flower":3,"minecraft:beehive":1,"born_in_chaos_v1:black_argillite_brick":1,"minecraft:yellow_bed":4,"minecraft:wither_rose":1,"minecraft:grass":9,"minecraft:coal_ore":2,"botania:yellow_mystical_flower":5,"ecologics:hanging_coconut":2,"minecraft:cyan_carpet":1,"minecraft:dirt":16,"botania:gray_mystical_flower":4,"minecraft:cracked_stone_bricks":1,"minecraft:stone_bricks":1,"ecologics:coconut_seedling":1,"botania:magenta_double_flower":1},"minecraft:dropped":{"iceandfire:ectoplasm":3,"ecologics:crab_claw":1,"minecraft:item_frame":2,"minecraft:cobweb":6,"minecraft:dirt":2,"iceandfire:podium_spruce":1,"minecraft:wither_rose":2,"minecraft:paper":1,"minecraft:dandelion":2,"minecraft:bone":9,"minecraft:sugar_cane":4,"minecraft:rotten_flesh":18,"supplementaries:ash":7,"iceandfire:rotten_egg":1,"luminousworld:groundpebbles_1":9,"ecologics:coconut_husk":2,"minecraft:arrow":3},"minecraft:crafted":{"ecologics:coconut_planks":12,"minecraft:iron_axe":1,"ecologics:coconut_boat":1,"minecraft:wheat":45,"minecraft:bread":15,"minecraft:stick":4,"minecraft:iron_pickaxe":1},"minecraft:killed":{"minecraft:skeleton":2,"ecologics:coconut_crab":1,"undead_revamp2:thespitter":1,"luminousworld:black_squirrel":1,"minecraft:pig":1,"born_in_chaos_v1:baby_skeleton":1,"undead_revamp2:the_moonflower":2,"earthmobsmod:wooly_cow":2,"iceandfire:ghost":3},"minecraft:used":{"ecologics:crab_claw":1,"ecologics:coconut_planks":5,"minecraft:dirt":3,"luminousworld:blueberry":2,"minecraft:iron_axe":79,"minecraft:stripped_mangrove_log":1,"ecologics:coconut_boat":2,"tombstone:gift":1,"ecologics:coconut_seedling":2,"minecraft:crafting_table":5,"minecraft:bread":12,"minecraft:iron_pickaxe":58,"ecologics:coconut_slice":2,"minecraft:cobblestone":26,"minecraft:porkchop":1,"minecraft:yellow_bed":3,"minecraft:dandelion":1,"minecraft:experience_bottle":1},"minecraft:custom":{"minecraft:interact_with_smithing_table":1,"lootr:looted_stat":6,"minecraft:mob_kills":14,"minecraft:interact_with_crafting_table":8,"minecraft:bell_ring":1,"minecraft:eat_cake_slice":8,"minecraft:leave_game":3,"minecraft:time_since_death":23472,"minecraft:climb_one_cm":17109,"minecraft:sprint_one_cm":174830,"minecraft:walk_one_cm":104401,"minecraft:drop":20,"minecraft:talked_to_villager":9,"minecraft:play_time":50389,"minecraft:deaths":2,"minecraft:sneak_time":1127,"minecraft:walk_under_water_one_cm":5038,"minecraft:boat_one_cm":200261,"minecraft:jump":1390,"minecraft:interact_with_brewingstand":1,"minecraft:interact_with_blast_furnace":2,"minecraft:walk_on_water_one_cm":10140,"minecraft:total_world_time":50389,"minecraft:interact_with_cartography_table":1,"minecraft:sleep_in_bed":5,"minecraft:time_since_rest":5014,"minecraft:damage_taken":1176,"minecraft:trigger_trapped_chest":3,"minecraft:damage_dealt":2351,"minecraft:swim_one_cm":51324,"minecraft:fly_one_cm":346821,"minecraft:open_chest":1,"minecraft:crouch_one_cm":1906,"tombstone:undead_killed":9,"minecraft:fall_one_cm":36495}},"DataVersion":3465}