{"stats":{"minecraft:picked_up":{"luminousworld:groundpebbles_1":9,"minecraft:charcoal":2,"minecraft:crafting_table":9,"minecraft:wheat":10,"luminousworld:blackberry":3,"minecraft:ladder":1,"minecraft:clay_ball":104,"minecraft:wither_rose":3,"minecraft:enchanted_book":2,"minecraft:stone_brick_stairs":1,"ecologics:coconut_boat":2,"minecraft:stripped_mangrove_log":1,"iceandfire:frozen_grass":1,"minecraft:string":17,"minecraft:item_frame":2,"minecraft:experience_bottle":1,"botania:magenta_mystical_flower":4,"botania:light_gray_double_flower":1,"iceandfire:bestiary":1,"minecraft:gold_nugget":377,"minecraft:cobbled_deepslate":23,"comforts:sleeping_bag_white":3,"minecraft:spruce_planks":1,"minecraft:beef":8,"minecraft:calcite":64,"minecraft:player_head":1,"minecraft:poppy":4,"minecraft:sugar_cane":4,"minecraft:chest":1,"ecologics:crab_claw":1,"minecraft:iron_boots":1,"minecraft:stick":2,"minecraft:raw_iron":49,"ecologics:coconut_slice":8,"botania:yellow_mystical_flower":5,"ecologics:coconut_seedling":2,"minecraft:porkchop":1,"iceandfire:rotten_egg":1,"minecraft:cookie":5,"tombstone:grave_dust":3,"minecraft:diorite":28,"luminousworld:grassflowers":1,"minecraft:arrow":3,"minecraft:rotten_flesh":23,"botania:orange_double_flower":2,"botania:lime_mystical_flower":1,"luminousworld:yellow_grassflowers":1,"botania:light_gray_mystical_flower":12,"botania:apothecary_default":1,"minecraft:hay_block":33,"ecologics:coconut_log":16,"botania:blue_mystical_flower":7,"minecraft:gold_ingot":2,"supplementaries:ash":9,"botania:green_mystical_flower":10,"minecraft:obsidian":9,"minecraft:skeleton_skull":1,"minecraft:white_wool":3,"minecraft:cobblestone":109,"minecraft:oxeye_daisy":1,"luminousworld:ishstone":2,"minecraft:andesite":11,"ecologics:coconut_planks":1,"minecraft:brown_wool":1,"minecraft:leather":2,"minecraft:potato":29,"minecraft:yellow_bed":3,"minecraft:gunpowder":2,"minecraft:dirt":34,"botania:light_blue_mystical_flower":9,"botania:black_mystical_flower":15,"minecraft:bone":17,"botania:cyan_mystical_flower":5,"minecraft:kelp":3,"minecraft:wheat_seeds":42,"botania:purple_mystical_flower":4,"minecraft:iron_ingot":7,"tombstone:bag_of_seeds":3,"minecraft:oak_planks":6,"botania:gray_mystical_flower":4,"minecraft:book":3,"botania:purple_double_flower":1,"botania:red_mystical_flower":6,"iceandfire:podium_spruce":1,"minecraft:dandelion":3,"minecraft:amethyst_shard":6,"minecraft:spruce_sapling":1,"minecraft:spruce_log":55,"minecraft:iron_hoe":1,"iceandfire:lectern":2,"botania:orange_mystical_flower":11,"luminousworld:blueberry":7,"minecraft:iron_helmet":1,"minecraft:grass":1,"minecraft:emerald":2,"minecraft:bread":2,"minecraft:baked_potato":1,"tombstone:magic_scroll":1,"iceandfire:silver_nugget":742,"botania:brown_mystical_flower":4,"minecraft:coal":63},"minecraft:killed_by":{"iceandfire:ghost":1},"minecraft:mined":{"minecraft:spruce_planks":1,"iceandfire:silver_ore":1,"ecologics:coconut_planks":1,"botania:orange_double_flower":2,"minecraft:stripped_mangrove_log":1,"botania:red_mystical_flower":6,"luminousworld:mossbuds_1":5,"minecraft:ladder":1,"minecraft:granite":8,"minecraft:budding_amethyst":2,"luminousworld:mossbuds_2":5,"minecraft:grass_block":24,"iceandfire:frozen_grass":1,"botania:brown_double_flower":1,"born_in_chaos_v1:black_argillite":2,"botania:cyan_double_flower":1,"ecologics:coconut_leaves":1,"iceandfire:lectern":2,"luminousworld:grassvariant_2":12,"botania:black_double_flower":1,"ecologics:coconut_log":16,"minecraft:spruce_leaves":15,"minecraft:kelp":2,"minecraft:oxeye_daisy":1,"botania:light_gray_mystical_flower":12,"minecraft:spawner":1,"minecraft:large_fern":7,"minecraft:hay_block":34,"botania:apothecary_default":1,"botania:purple_mystical_flower":4,"botania:magenta_mystical_flower":4,"luminousworld:yellow_grassflowers":1,"minecraft:iron_ore":45,"minecraft:fire":4,"born_in_chaos_v1:black_argillite_brick_stairs":1,"minecraft:andesite":15,"luminousworld:mossbuds_3":5,"minecraft:bookshelf":1,"iceandfire:gold_pile":48,"minecraft:deepslate_iron_ore":4,"minecraft:vine":4,"botania:brown_mystical_flower":4,"luminousworld:groundpebbles_2":8,"luminousworld:decorative_brown_2":1,"botania:light_blue_double_flower":1,"minecraft:stone":140,"iceandfire:podium_spruce":1,"botania:light_blue_mystical_flower":9,"farmersdelight:wild_potatoes":14,"minecraft:player_head":1,"botania:green_mystical_flower":10,"botania:lime_mystical_flower":1,"lootr:lootr_chest":1,"botania:orange_mystical_flower":11,"minecraft:kelp_plant":2,"supplementaries:book_pile":2,"minecraft:medium_amethyst_bud":1,"minecraft:soul_fire":1,"minecraft:amethyst_cluster":1,"minecraft:stone_brick_slab":1,"minecraft:dandelion":1,"minecraft:clay":27,"minecraft:crafting_table":9,"minecraft:emerald_ore":1,"minecraft:calcite":64,"minecraft:poppy":7,"botania:purple_double_flower":1,"luminousworld:spuds":2,"minecraft:campfire":1,"luminousworld:grassflowers":1,"minecraft:tall_grass":4,"minecraft:cobblestone":2,"botania:blue_mystical_flower":7,"minecraft:oak_planks":8,"botania:light_gray_double_flower":1,"placeablesmod:bread_full_block":2,"minecraft:diorite":29,"botania:black_mystical_flower":16,"minecraft:amethyst_block":7,"minecraft:skeleton_skull":1,"botania:cyan_mystical_flower":5,"minecraft:beehive":1,"minecraft:sweet_berry_bush":1,"minecraft:wheat":20,"minecraft:spruce_log":55,"born_in_chaos_v1:black_argillite_brick":1,"minecraft:yellow_bed":4,"minecraft:wither_rose":2,"minecraft:stone_brick_stairs":1,"minecraft:grass":41,"ecologics:hanging_coconut":2,"botania:yellow_mystical_flower":5,"minecraft:coal_ore":64,"iceandfire:silver_pile":85,"luminousworld:ishstone":4,"minecraft:cyan_carpet":1,"minecraft:dirt":25,"luminousworld:grassvariant_3":5,"minecraft:cobweb":12,"botania:gray_mystical_flower":4,"minecraft:cracked_stone_bricks":1,"minecraft:smooth_basalt":4,"minecraft:stone_bricks":4,"minecraft:deepslate":23,"ecologics:coconut_seedling":1,"botania:magenta_double_flower":1,"minecraft:infested_stone":1,"minecraft:fern":1},"minecraft:dropped":{"minecraft:wheat_seeds":3,"luminousworld:ishstone":2,"ecologics:crab_claw":1,"iceandfire:ectoplasm":3,"minecraft:item_frame":2,"minecraft:cobweb":6,"minecraft:dirt":2,"iceandfire:podium_spruce":1,"tombstone:grave_dust":1,"minecraft:chain":3,"minecraft:gold_nugget":2,"minecraft:wither_rose":2,"minecraft:paper":1,"minecraft:string":2,"minecraft:dandelion":2,"minecraft:bone":9,"iceandfire:silver_nugget":3,"minecraft:kelp":3,"minecraft:sugar_cane":4,"minecraft:player_head":1,"minecraft:obsidian":9,"minecraft:rotten_flesh":20,"iceandfire:frozen_grass":1,"luminousworld:yellow_grassflowers":1,"supplementaries:ash":7,"luminousworld:grassflowers":1,"minecraft:gunpowder":2,"iceandfire:rotten_egg":1,"luminousworld:groundpebbles_1":9,"minecraft:charcoal":2,"minecraft:andesite":2,"ecologics:coconut_husk":4,"minecraft:arrow":3},"minecraft:crafted":{"ecologics:coconut_planks":64,"comforts:sleeping_bag_white":1,"iceandfire:silver_shovel":1,"minecraft:furnace":1,"minecraft:bone_meal":15,"iceandfire:armor_silver_metal_leggings":1,"minecraft:iron_axe":2,"botania:light_blue_petal":2,"quark:spruce_chest":6,"minecraft:wheat":216,"ecologics:coconut_boat":1,"iceandfire:silver_ingot":85,"minecraft:crafting_table":3,"minecraft:spruce_planks":80,"farmersdelight:iron_knife":1,"minecraft:baked_potato":3,"botania:lexicon":1,"minecraft:bucket":1,"minecraft:bread":72,"minecraft:air":0,"minecraft:stick":20,"minecraft:iron_ingot":7,"minecraft:iron_pickaxe":2,"minecraft:gold_ingot":44,"botania:apothecary_default":1,"minecraft:torch":16,"iceandfire:silver_pickaxe":1},"minecraft:killed":{"undead_revamp2:thewolf":1,"luminousworld:miner_zombie":1,"minecraft:cave_spider":2,"born_in_chaos_v1:skeleton_demoman":1,"enemyexpansion:direwolf":1,"born_in_chaos_v1:maggot":1,"minecraft:skeleton":2,"ecologics:coconut_crab":1,"minecraft:silverfish":1,"undead_revamp2:sucker":1,"undead_revamp2:thespitter":1,"earthmobsmod:albino_cow":3,"luminousworld:black_squirrel":1,"earthmobsmod:bouldering_zombie":1,"minecraft:pig":1,"born_in_chaos_v1:baby_skeleton":1,"undead_revamp2:the_moonflower":3,"enemyexpansion:sprinter":1,"undead_revamp2:thebeartamer":1,"earthmobsmod:wooly_cow":3,"minecraft:pillager":1,"minecraft:zombie":1,"iceandfire:ghost":17,"earthmobsmod:horned_sheep":3},"minecraft:broken":{"minecraft:iron_axe":1},"minecraft:used":{"iceandfire:lectern":2,"ecologics:crab_claw":1,"minecraft:ladder":1,"minecraft:chest":1,"minecraft:spruce_planks":1,"minecraft:iron_sword":155,"ecologics:coconut_planks":52,"minecraft:torch":16,"minecraft:dirt":17,"quark:spruce_chest":6,"luminousworld:blueberry":6,"minecraft:iron_axe":226,"tombstone:gift":3,"botania:orange_double_flower":1,"minecraft:stripped_mangrove_log":1,"minecraft:furnace":1,"comforts:sleeping_bag_white":3,"ecologics:coconut_boat":2,"minecraft:potato":15,"ecologics:coconut_seedling":2,"minecraft:calcite":3,"minecraft:wheat_seeds":6,"luminousworld:blackberry":3,"minecraft:baked_potato":4,"minecraft:oak_planks":2,"minecraft:cookie":5,"minecraft:crafting_table":12,"botania:apothecary_default":2,"minecraft:spruce_log":2,"iceandfire:silver_pickaxe":320,"tombstone:bag_of_seeds":6,"minecraft:iron_pickaxe":267,"minecraft:bread":42,"ecologics:coconut_slice":8,"minecraft:enchanted_book":2,"minecraft:cobblestone":29,"minecraft:andesite":9,"minecraft:porkchop":1,"minecraft:bucket":1,"minecraft:yellow_bed":3,"minecraft:dandelion":1,"iceandfire:silver_shovel":26,"minecraft:bone_meal":15,"minecraft:experience_bottle":1},"minecraft:custom":{"minecraft:interact_with_smithing_table":2,"lootr:looted_stat":33,"minecraft:interact_with_anvil":1,"minecraft:mob_kills":52,"minecraft:interact_with_crafting_table":48,"minecraft:bell_ring":1,"minecraft:damage_dealt_resisted":17,"minecraft:eat_cake_slice":8,"minecraft:leave_game":4,"minecraft:time_since_death":134588,"minecraft:climb_one_cm":45002,"minecraft:sprint_one_cm":331350,"minecraft:walk_one_cm":303674,"minecraft:drop":42,"minecraft:talked_to_villager":9,"minecraft:play_time":161505,"minecraft:sneak_time":4789,"minecraft:deaths":2,"minecraft:walk_under_water_one_cm":18620,"minecraft:boat_one_cm":200261,"minecraft:interact_with_brewingstand":2,"minecraft:jump":2971,"minecraft:interact_with_blast_furnace":8,"minecraft:total_world_time":161505,"minecraft:walk_on_water_one_cm":17958,"minecraft:interact_with_furnace":4,"tombstone:raider_killed":1,"minecraft:interact_with_cartography_table":1,"minecraft:sleep_in_bed":11,"minecraft:time_since_rest":26321,"minecraft:damage_taken":3240,"minecraft:trigger_trapped_chest":17,"minecraft:damage_dealt":12785,"minecraft:swim_one_cm":54716,"minecraft:fly_one_cm":652602,"minecraft:open_chest":35,"minecraft:crouch_one_cm":10170,"tombstone:undead_killed":32,"minecraft:fall_one_cm":82799}},"DataVersion":3465}