{"stats":{"minecraft:picked_up":{"minecraft:wheat":20,"luminousworld:blackberry":3,"minecraft:enchanted_book":2,"minecraft:wither_rose":3,"minecraft:stone_brick_stairs":1,"minecraft:string":17,"minecraft:experience_bottle":1,"botania:light_gray_double_flower":1,"minecraft:gold_nugget":377,"minecraft:cobbled_deepslate":23,"comforts:sleeping_bag_white":5,"minecraft:spruce_planks":2,"minecraft:calcite":64,"minecraft:iron_boots":1,"ecologics:crab_claw":1,"minecraft:stick":5,"ecologics:coconut_seedling":2,"botania:yellow_mystical_flower":5,"minecraft:porkchop":1,"iceandfire:rotten_egg":1,"tombstone:grave_dust":3,"minecraft:diorite":28,"luminousworld:grassflowers":2,"botania:orange_double_flower":2,"minecraft:rotten_flesh":26,"luminousworld:yellow_grassflowers":1,"botania:light_gray_mystical_flower":12,"ecologics:coconut_log":16,"supplementaries:ash":9,"minecraft:obsidian":9,"minecraft:cobblestone":109,"minecraft:andesite":11,"ecologics:coconut_planks":1,"minecraft:brown_wool":1,"minecraft:potato":38,"minecraft:dirt":366,"minecraft:bone":17,"botania:cyan_mystical_flower":5,"minecraft:wheat_seeds":83,"botania:purple_mystical_flower":4,"botania:gray_mystical_flower":4,"minecraft:oak_planks":6,"botania:red_mystical_flower":6,"iceandfire:podium_spruce":1,"minecraft:iron_hoe":1,"iceandfire:lectern":2,"luminousworld:blueberry":7,"minecraft:grass":1,"minecraft:bread":2,"minecraft:emerald":2,"iceandfire:silver_nugget":742,"minecraft:charcoal":2,"luminousworld:groundpebbles_1":9,"minecraft:crafting_table":9,"minecraft:ladder":1,"minecraft:clay_ball":104,"minecraft:stone_brick_wall":7,"ecologics:coconut_boat":2,"minecraft:stripped_mangrove_log":1,"iceandfire:frozen_grass":1,"minecraft:item_frame":2,"botania:magenta_mystical_flower":4,"iceandfire:bestiary":1,"minecraft:beef":8,"minecraft:player_head":1,"minecraft:poppy":6,"minecraft:sugar_cane":4,"minecraft:chest":1,"minecraft:raw_iron":49,"ecologics:coconut_slice":8,"minecraft:copper_ingot":1,"minecraft:cookie":5,"minecraft:redstone":22,"minecraft:arrow":3,"botania:lime_mystical_flower":1,"botania:apothecary_default":1,"minecraft:hay_block":33,"botania:blue_mystical_flower":7,"minecraft:gold_ingot":2,"botania:green_mystical_flower":10,"minecraft:skeleton_skull":1,"minecraft:white_wool":3,"minecraft:oxeye_daisy":1,"born_in_chaos_v1:corpse_maggot":2,"luminousworld:ishstone":2,"minecraft:leather":2,"minecraft:yellow_bed":3,"minecraft:gunpowder":2,"botania:light_blue_mystical_flower":9,"botania:black_mystical_flower":15,"minecraft:kelp":3,"minecraft:iron_ingot":7,"tombstone:bag_of_seeds":3,"luminousworld:white_petunias":1,"minecraft:flowering_azalea":1,"minecraft:book":3,"botania:purple_double_flower":1,"minecraft:dandelion":3,"minecraft:amethyst_shard":6,"minecraft:spruce_sapling":5,"minecraft:spruce_log":175,"minecraft:iron_helmet":1,"botania:orange_mystical_flower":11,"minecraft:baked_potato":1,"tombstone:magic_scroll":1,"minecraft:coal":63,"botania:brown_mystical_flower":4},"minecraft:killed_by":{"iceandfire:ghost":1},"minecraft:mined":{"luminousworld:white_petunias":1,"minecraft:spruce_planks":2,"botania:red_mystical_flower":6,"minecraft:granite":8,"minecraft:budding_amethyst":2,"minecraft:grass_block":160,"minecraft:stone_brick_wall":7,"ecologics:coconut_leaves":1,"iceandfire:lectern":2,"botania:black_double_flower":1,"minecraft:oxeye_daisy":1,"botania:light_gray_mystical_flower":12,"minecraft:spawner":1,"botania:apothecary_default":1,"botania:purple_mystical_flower":4,"minecraft:iron_ore":45,"minecraft:fire":4,"born_in_chaos_v1:black_argillite_brick_stairs":1,"iceandfire:gold_pile":48,"botania:brown_mystical_flower":4,"luminousworld:decorative_brown_2":1,"botania:light_blue_mystical_flower":9,"minecraft:player_head":1,"farmersdelight:wild_potatoes":14,"botania:green_mystical_flower":10,"minecraft:deepslate_redstone_ore":5,"botania:orange_mystical_flower":11,"lootr:lootr_chest":1,"minecraft:kelp_plant":2,"supplementaries:book_pile":2,"minecraft:medium_amethyst_bud":1,"minecraft:soul_fire":1,"minecraft:amethyst_cluster":1,"minecraft:clay":27,"minecraft:calcite":64,"minecraft:poppy":7,"botania:purple_double_flower":1,"luminousworld:spuds":2,"minecraft:cobblestone":2,"botania:blue_mystical_flower":7,"minecraft:oak_planks":8,"botania:light_gray_double_flower":1,"placeablesmod:bread_full_block":2,"botania:black_mystical_flower":16,"minecraft:amethyst_block":7,"minecraft:skeleton_skull":1,"minecraft:wheat":40,"born_in_chaos_v1:black_argillite_brick":1,"minecraft:wither_rose":2,"minecraft:stone_brick_stairs":1,"minecraft:grass":50,"minecraft:dirt":118,"luminousworld:grassvariant_3":8,"minecraft:smooth_basalt":4,"botania:magenta_double_flower":1,"minecraft:deepslate":23,"iceandfire:silver_ore":1,"ecologics:coconut_planks":1,"botania:orange_double_flower":2,"minecraft:stripped_mangrove_log":1,"luminousworld:mossbuds_1":5,"minecraft:ladder":1,"luminousworld:mossbuds_2":5,"iceandfire:frozen_grass":1,"born_in_chaos_v1:black_argillite":2,"botania:brown_double_flower":1,"botania:cyan_double_flower":1,"luminousworld:grassvariant_2":17,"ecologics:coconut_log":16,"minecraft:spruce_leaves":41,"minecraft:kelp":2,"minecraft:large_fern":7,"minecraft:hay_block":34,"botania:magenta_mystical_flower":4,"luminousworld:yellow_grassflowers":1,"minecraft:andesite":15,"luminousworld:mossbuds_3":5,"minecraft:bookshelf":1,"minecraft:potatoes":3,"minecraft:deepslate_iron_ore":4,"minecraft:vine":4,"minecraft:stone":140,"luminousworld:groundpebbles_2":8,"botania:light_blue_double_flower":1,"iceandfire:podium_spruce":1,"minecraft:podzol":115,"botania:lime_mystical_flower":1,"minecraft:flowering_azalea":1,"minecraft:stone_brick_slab":1,"minecraft:dandelion":1,"minecraft:crafting_table":9,"minecraft:emerald_ore":1,"minecraft:campfire":1,"luminousworld:grassflowers":2,"minecraft:tall_grass":4,"minecraft:diorite":29,"botania:cyan_mystical_flower":5,"minecraft:beehive":1,"minecraft:sweet_berry_bush":1,"minecraft:spruce_log":175,"minecraft:yellow_bed":4,"luminousworld:ishstone":4,"minecraft:coal_ore":64,"botania:yellow_mystical_flower":5,"iceandfire:silver_pile":85,"ecologics:hanging_coconut":2,"minecraft:cyan_carpet":1,"minecraft:gravel":10,"botania:gray_mystical_flower":4,"minecraft:cobweb":12,"minecraft:cracked_stone_bricks":1,"minecraft:stone_bricks":4,"ecologics:coconut_seedling":1,"minecraft:fern":1,"minecraft:infested_stone":1},"minecraft:dropped":{"twilightforest:magic_beans":1,"iceandfire:ectoplasm":3,"minecraft:item_frame":2,"minecraft:dirt":2,"minecraft:chain":3,"minecraft:gold_nugget":2,"minecraft:bone":9,"minecraft:sugar_cane":4,"minecraft:obsidian":9,"minecraft:rotten_flesh":22,"iceandfire:frozen_grass":1,"supplementaries:ash":7,"luminousworld:grassflowers":1,"minecraft:gunpowder":2,"minecraft:charcoal":2,"ecologics:coconut_husk":4,"minecraft:arrow":3,"minecraft:wheat_seeds":3,"luminousworld:ishstone":2,"minecraft:iron_helmet":1,"ecologics:crab_claw":1,"minecraft:cobweb":6,"iceandfire:podium_spruce":1,"tombstone:grave_dust":1,"minecraft:wither_rose":2,"minecraft:string":2,"minecraft:paper":1,"minecraft:dandelion":2,"iceandfire:silver_nugget":3,"minecraft:kelp":3,"minecraft:player_head":1,"luminousworld:yellow_grassflowers":1,"iceandfire:rotten_egg":1,"minecraft:spruce_planks":1,"luminousworld:groundpebbles_1":9,"minecraft:andesite":2},"minecraft:crafted":{"minecraft:brick":19,"iceandfire:silver_shovel":1,"minecraft:stone":3,"iceandfire:armor_silver_metal_leggings":1,"minecraft:bricks":4,"farmersdelight:stove":1,"minecraft:wooden_shovel":1,"minecraft:crafting_table":3,"minecraft:spruce_planks":108,"farmersdelight:iron_knife":1,"minecraft:baked_potato":8,"minecraft:campfire":1,"farmersdelight:skillet":1,"farmersdelight:cutting_board":1,"minecraft:stick":28,"minecraft:iron_ingot":44,"minecraft:iron_pickaxe":2,"minecraft:gold_ingot":68,"botania:apothecary_default":1,"ecologics:coconut_planks":64,"comforts:sleeping_bag_white":1,"minecraft:furnace":2,"minecraft:bone_meal":15,"minecraft:iron_axe":2,"botania:light_blue_petal":2,"quark:spruce_chest":6,"ecologics:coconut_boat":1,"minecraft:wheat":216,"iceandfire:silver_ingot":85,"botania:lexicon":1,"farmersdelight:cooking_pot":1,"minecraft:bucket":1,"minecraft:bread":72,"minecraft:air":0,"iceandfire:silver_pickaxe":1,"minecraft:torch":16},"minecraft:killed":{"undead_revamp2:thewolf":1,"luminousworld:miner_zombie":1,"minecraft:cave_spider":2,"born_in_chaos_v1:skeleton_demoman":1,"minecraft:skeleton":2,"ecologics:coconut_crab":1,"minecraft:silverfish":1,"undead_revamp2:therod":1,"undead_revamp2:thespitter":1,"minecraft:pig":1,"naturalist:firefly":1,"undead_revamp2:thebeartamer":1,"minecraft:pillager":1,"minecraft:zombie":1,"born_in_chaos_v1:corpse_fly":1,"enemyexpansion:direwolf":1,"born_in_chaos_v1:maggot":1,"undead_revamp2:sucker":1,"earthmobsmod:albino_cow":3,"luminousworld:black_squirrel":1,"mowziesmobs:baby_foliaath":1,"earthmobsmod:bouldering_zombie":1,"born_in_chaos_v1:baby_skeleton":1,"undead_revamp2:the_moonflower":3,"enemyexpansion:sprinter":1,"earthmobsmod:wooly_cow":3,"iceandfire:ghost":17,"earthmobsmod:horned_sheep":3},"minecraft:broken":{"minecraft:iron_axe":1},"minecraft:used":{"iceandfire:lectern":2,"minecraft:ladder":1,"minecraft:chest":1,"minecraft:iron_sword":156,"ecologics:coconut_planks":52,"luminousworld:blueberry":6,"minecraft:stripped_mangrove_log":1,"minecraft:furnace":2,"minecraft:beetroot_seeds":1,"botania:orange_double_flower":1,"minecraft:potato":19,"mowziesmobs:foliaath_seed":2,"minecraft:oak_planks":2,"minecraft:cookie":5,"farmersdelight:rice":3,"minecraft:stone_brick_wall":7,"iceandfire:silver_pickaxe":332,"minecraft:bread":44,"ecologics:coconut_slice":8,"minecraft:andesite":9,"minecraft:bone_meal":15,"minecraft:experience_bottle":1,"ecologics:crab_claw":1,"minecraft:spruce_planks":28,"minecraft:torch":16,"minecraft:dirt":38,"minecraft:flowering_azalea":1,"quark:spruce_chest":6,"minecraft:iron_axe":376,"minecraft:melon_seeds":3,"ecologics:coconut_boat":2,"tombstone:gift":3,"ecologics:coconut_seedling":2,"comforts:sleeping_bag_white":5,"farmersdelight:tomato_seeds":5,"minecraft:calcite":3,"minecraft:wheat_seeds":11,"minecraft:water_bucket":1,"minecraft:baked_potato":4,"luminousworld:blackberry":3,"minecraft:crafting_table":12,"botania:apothecary_default":2,"minecraft:spruce_log":2,"tombstone:bag_of_seeds":6,"minecraft:iron_pickaxe":267,"minecraft:spruce_sapling":4,"minecraft:enchanted_book":2,"minecraft:cobblestone":29,"minecraft:porkchop":1,"minecraft:bucket":3,"minecraft:yellow_bed":3,"iceandfire:silver_shovel":394,"minecraft:dandelion":1},"minecraft:custom":{"lootr:looted_stat":38,"minecraft:interact_with_crafting_table":71,"minecraft:bell_ring":1,"minecraft:eat_cake_slice":8,"minecraft:leave_game":4,"minecraft:time_since_death":158588,"minecraft:sprint_one_cm":353704,"minecraft:drop":47,"minecraft:talked_to_villager":9,"minecraft:play_time":185505,"minecraft:deaths":2,"minecraft:jump":3162,"minecraft:interact_with_brewingstand":2,"minecraft:walk_on_water_one_cm":18072,"minecraft:interact_with_furnace":24,"minecraft:interact_with_cartography_table":1,"minecraft:sleep_in_bed":13,"minecraft:damage_dealt":13274,"minecraft:crouch_one_cm":11022,"tombstone:undead_killed":33,"minecraft:use_cauldron":2,"minecraft:interact_with_smithing_table":2,"minecraft:mob_kills":56,"minecraft:interact_with_anvil":1,"minecraft:fill_cauldron":1,"minecraft:damage_dealt_resisted":17,"minecraft:climb_one_cm":50584,"minecraft:walk_one_cm":373974,"minecraft:sneak_time":5185,"minecraft:walk_under_water_one_cm":18620,"minecraft:boat_one_cm":200261,"minecraft:interact_with_blast_furnace":11,"minecraft:total_world_time":185505,"tombstone:raider_killed":1,"minecraft:time_since_rest":12475,"minecraft:damage_taken":3300,"minecraft:trigger_trapped_chest":17,"minecraft:swim_one_cm":54716,"minecraft:fly_one_cm":684363,"minecraft:open_chest":68,"minecraft:fall_one_cm":85642}},"DataVersion":3465}