{"stats":{"minecraft:picked_up":{"luminousworld:groundpebbles_1":9,"minecraft:crafting_table":9,"minecraft:ladder":1,"minecraft:enchanted_book":2,"minecraft:wither_rose":2,"ecologics:coconut_boat":2,"minecraft:stripped_mangrove_log":1,"minecraft:string":13,"minecraft:item_frame":2,"minecraft:experience_bottle":1,"iceandfire:bestiary":1,"minecraft:gold_nugget":377,"comforts:sleeping_bag_white":2,"minecraft:player_head":1,"minecraft:poppy":3,"minecraft:sugar_cane":4,"ecologics:crab_claw":1,"minecraft:stick":2,"ecologics:coconut_slice":8,"botania:yellow_mystical_flower":5,"ecologics:coconut_seedling":2,"minecraft:porkchop":1,"iceandfire:rotten_egg":1,"tombstone:grave_dust":1,"minecraft:arrow":3,"minecraft:rotten_flesh":18,"botania:lime_mystical_flower":1,"luminousworld:yellow_grassflowers":1,"botania:light_gray_mystical_flower":11,"ecologics:coconut_log":16,"minecraft:hay_block":33,"botania:blue_mystical_flower":1,"supplementaries:ash":7,"minecraft:gold_ingot":2,"minecraft:obsidian":9,"botania:green_mystical_flower":4,"minecraft:white_wool":3,"minecraft:skeleton_skull":1,"minecraft:cobblestone":71,"minecraft:andesite":9,"ecologics:coconut_planks":1,"minecraft:yellow_bed":3,"minecraft:dirt":32,"botania:black_mystical_flower":11,"botania:light_blue_mystical_flower":9,"minecraft:bone":15,"botania:cyan_mystical_flower":3,"minecraft:kelp":3,"minecraft:iron_ingot":7,"minecraft:oak_planks":6,"botania:gray_mystical_flower":4,"minecraft:book":3,"botania:red_mystical_flower":4,"iceandfire:podium_spruce":1,"minecraft:dandelion":3,"minecraft:spruce_sapling":1,"minecraft:spruce_log":16,"iceandfire:lectern":2,"luminousworld:blueberry":2,"botania:orange_mystical_flower":5,"minecraft:grass":1,"minecraft:bread":2,"tombstone:magic_scroll":1,"minecraft:coal":2,"botania:brown_mystical_flower":4},"minecraft:killed_by":{"iceandfire:ghost":1},"minecraft:mined":{"ecologics:coconut_planks":1,"minecraft:stripped_mangrove_log":1,"botania:red_mystical_flower":4,"luminousworld:mossbuds_1":3,"minecraft:ladder":1,"luminousworld:mossbuds_2":5,"minecraft:grass_block":22,"born_in_chaos_v1:black_argillite":2,"ecologics:coconut_leaves":1,"botania:brown_double_flower":1,"botania:cyan_double_flower":1,"iceandfire:lectern":2,"luminousworld:grassvariant_2":10,"botania:black_double_flower":1,"ecologics:coconut_log":16,"minecraft:spruce_leaves":10,"minecraft:kelp":2,"botania:light_gray_mystical_flower":11,"minecraft:spawner":1,"minecraft:large_fern":5,"minecraft:hay_block":34,"luminousworld:yellow_grassflowers":1,"minecraft:fire":4,"born_in_chaos_v1:black_argillite_brick_stairs":1,"minecraft:andesite":11,"luminousworld:mossbuds_3":4,"minecraft:bookshelf":1,"iceandfire:gold_pile":48,"minecraft:vine":3,"luminousworld:groundpebbles_2":8,"botania:brown_mystical_flower":4,"botania:light_blue_double_flower":1,"minecraft:stone":72,"luminousworld:decorative_brown_2":1,"iceandfire:podium_spruce":1,"botania:light_blue_mystical_flower":9,"minecraft:player_head":1,"botania:green_mystical_flower":4,"botania:lime_mystical_flower":1,"botania:orange_mystical_flower":5,"minecraft:kelp_plant":2,"supplementaries:book_pile":2,"minecraft:soul_fire":1,"minecraft:stone_brick_slab":1,"minecraft:dandelion":1,"minecraft:crafting_table":9,"minecraft:poppy":6,"luminousworld:spuds":1,"minecraft:tall_grass":2,"minecraft:cobblestone":2,"botania:blue_mystical_flower":1,"minecraft:oak_planks":8,"placeablesmod:bread_full_block":2,"botania:black_mystical_flower":12,"minecraft:skeleton_skull":1,"botania:cyan_mystical_flower":3,"minecraft:beehive":1,"minecraft:sweet_berry_bush":1,"minecraft:spruce_log":16,"born_in_chaos_v1:black_argillite_brick":1,"minecraft:yellow_bed":4,"minecraft:wither_rose":1,"minecraft:grass":32,"minecraft:coal_ore":2,"botania:yellow_mystical_flower":5,"ecologics:hanging_coconut":2,"minecraft:cyan_carpet":1,"minecraft:dirt":25,"minecraft:cobweb":11,"luminousworld:grassvariant_3":2,"botania:gray_mystical_flower":4,"minecraft:cracked_stone_bricks":1,"minecraft:stone_bricks":3,"ecologics:coconut_seedling":1,"botania:magenta_double_flower":1},"minecraft:dropped":{"iceandfire:ectoplasm":3,"ecologics:crab_claw":1,"minecraft:item_frame":2,"minecraft:cobweb":6,"minecraft:dirt":2,"iceandfire:podium_spruce":1,"tombstone:grave_dust":1,"minecraft:gold_nugget":2,"minecraft:wither_rose":2,"minecraft:paper":1,"minecraft:dandelion":2,"minecraft:bone":9,"minecraft:kelp":3,"minecraft:sugar_cane":4,"minecraft:player_head":1,"minecraft:obsidian":9,"minecraft:rotten_flesh":18,"luminousworld:yellow_grassflowers":1,"supplementaries:ash":7,"iceandfire:rotten_egg":1,"luminousworld:groundpebbles_1":9,"ecologics:coconut_husk":2,"minecraft:arrow":3},"minecraft:crafted":{"ecologics:coconut_planks":64,"comforts:sleeping_bag_white":1,"minecraft:iron_axe":1,"botania:light_blue_petal":2,"quark:spruce_chest":3,"ecologics:coconut_boat":1,"minecraft:wheat":135,"minecraft:crafting_table":2,"minecraft:spruce_planks":32,"botania:lexicon":1,"minecraft:bucket":1,"minecraft:bread":45,"minecraft:stick":8,"minecraft:iron_pickaxe":1,"minecraft:gold_ingot":44,"minecraft:torch":16},"minecraft:killed":{"minecraft:cave_spider":2,"minecraft:skeleton":2,"ecologics:coconut_crab":1,"undead_revamp2:sucker":1,"undead_revamp2:thespitter":1,"luminousworld:black_squirrel":1,"minecraft:pig":1,"born_in_chaos_v1:baby_skeleton":1,"undead_revamp2:the_moonflower":3,"enemyexpansion:sprinter":1,"undead_revamp2:thebeartamer":1,"earthmobsmod:wooly_cow":2,"iceandfire:ghost":3,"earthmobsmod:horned_sheep":3},"minecraft:used":{"iceandfire:lectern":2,"ecologics:crab_claw":1,"minecraft:ladder":1,"minecraft:iron_sword":15,"ecologics:coconut_planks":52,"minecraft:torch":9,"minecraft:dirt":15,"quark:spruce_chest":3,"luminousworld:blueberry":2,"minecraft:iron_axe":180,"minecraft:stripped_mangrove_log":1,"comforts:sleeping_bag_white":2,"ecologics:coconut_boat":2,"tombstone:gift":3,"ecologics:coconut_seedling":2,"minecraft:oak_planks":2,"minecraft:crafting_table":11,"minecraft:bread":34,"minecraft:iron_pickaxe":158,"ecologics:coconut_slice":6,"minecraft:enchanted_book":2,"minecraft:cobblestone":26,"minecraft:porkchop":1,"minecraft:bucket":1,"minecraft:andesite":9,"minecraft:yellow_bed":3,"minecraft:dandelion":1,"minecraft:experience_bottle":1},"minecraft:custom":{"minecraft:interact_with_smithing_table":2,"lootr:looted_stat":25,"minecraft:interact_with_anvil":1,"minecraft:mob_kills":24,"minecraft:interact_with_crafting_table":25,"minecraft:bell_ring":1,"minecraft:eat_cake_slice":8,"minecraft:leave_game":3,"minecraft:time_since_death":77472,"minecraft:climb_one_cm":32815,"minecraft:sprint_one_cm":228615,"minecraft:walk_one_cm":183333,"minecraft:drop":26,"minecraft:talked_to_villager":9,"minecraft:play_time":104389,"minecraft:deaths":2,"minecraft:sneak_time":3374,"minecraft:walk_under_water_one_cm":5038,"minecraft:boat_one_cm":200261,"minecraft:jump":2051,"minecraft:interact_with_brewingstand":2,"minecraft:interact_with_blast_furnace":3,"minecraft:walk_on_water_one_cm":10140,"minecraft:total_world_time":104389,"minecraft:interact_with_cartography_table":1,"minecraft:sleep_in_bed":7,"minecraft:time_since_rest":11527,"minecraft:damage_taken":2618,"minecraft:trigger_trapped_chest":3,"minecraft:damage_dealt":5064,"minecraft:swim_one_cm":51324,"minecraft:fly_one_cm":481915,"minecraft:open_chest":6,"minecraft:crouch_one_cm":5857,"tombstone:undead_killed":13,"minecraft:fall_one_cm":52723}},"DataVersion":3465}