{"stats":{"minecraft:killed":{"minecraft:pig":1},"minecraft:used":{"minecraft:crafting_table":1,"minecraft:porkchop":1,"minecraft:dandelion":1,"minecraft:experience_bottle":1},"minecraft:crafted":{"ecologics:coconut_planks":4,"minecraft:stick":4},"minecraft:dropped":{"iceandfire:podium_spruce":1,"minecraft:dandelion":2},"minecraft:mined":{"minecraft:hay_block":16,"minecraft:kelp_plant":2,"minecraft:beehive":1,"minecraft:yellow_bed":1,"minecraft:crafting_table":1,"minecraft:grass":2,"minecraft:grass_block":5,"minecraft:vine":2,"iceandfire:lectern":1,"luminousworld:grassvariant_2":1,"luminousworld:groundpebbles_2":8,"ecologics:coconut_log":1,"iceandfire:podium_spruce":1,"minecraft:kelp":2},"minecraft:picked_up":{"luminousworld:groundpebbles_1":9,"minecraft:crafting_table":1,"iceandfire:podium_spruce":1,"minecraft:dandelion":3,"minecraft:porkchop":1,"minecraft:yellow_bed":1,"minecraft:dirt":5,"minecraft:item_frame":2,"minecraft:experience_bottle":1,"minecraft:kelp":3,"iceandfire:bestiary":1,"iceandfire:lectern":1,"ecologics:coconut_log":1,"minecraft:hay_block":15,"minecraft:iron_ingot":7,"minecraft:gold_ingot":2},"minecraft:custom":{"minecraft:time_since_rest":9140,"lootr:looted_stat":4,"minecraft:sprint_one_cm":41658,"minecraft:damage_taken":30,"minecraft:walk_one_cm":23360,"minecraft:mob_kills":1,"minecraft:drop":3,"minecraft:damage_dealt":120,"minecraft:interact_with_crafting_table":1,"minecraft:swim_one_cm":19817,"minecraft:talked_to_villager":3,"minecraft:fly_one_cm":63272,"minecraft:crouch_one_cm":252,"minecraft:play_time":9140,"minecraft:sneak_time":99,"minecraft:bell_ring":1,"minecraft:walk_under_water_one_cm":758,"minecraft:jump":241,"minecraft:walk_on_water_one_cm":2459,"minecraft:time_since_death":9140,"minecraft:climb_one_cm":156,"minecraft:total_world_time":9140,"minecraft:fall_one_cm":5908}},"DataVersion":3465}